target_bars,n_bars,actual_bars_per_day,AC1,Ljung_Box_p,VoV_ratio,JB_stat,Skewness,Kurtosis,score
20,29982,19.868787276341948,-0.0029298876371790248,0.028994081468458582,8.029726598942828e-06,7101221.176151252,0.3871381802316573,78.39215920272001,75.85323948235036
30,44973,29.80318091451292,-0.006668245775008349,0.13499993611635486,4.8871010590850615e-06,23381259.531473722,0.5115020251622131,114.69925018252826,112.45123304878022
40,59965,39.73823724320742,-0.014789580998153763,0.005255095537299442,3.76555330252681e-06,52387860.887870826,0.6479072002980354,147.7965671388021,145.983142528977
50,74956,49.672630881378396,-0.011912214706647623,0.012225190362836777,2.9976210165107104e-06,102910220.0239673,0.7687137168854095,184.51770533249586,183.32743346432758
60,89947,59.60702451954937,-0.012956843129595396,0.00013524178953486975,2.4568411832070097e-06,181937642.29015344,0.8478280781649021,223.32466239659388,223.0048237407899
80,119926,79.47382372432074,-0.014790374785021494,6.854267156219789e-07,1.878839098460144e-06,410462321.4506304,1.0405043341223636,289.59984921603433,291.759767139448
100,149897,99.33532140490391,-0.019634090045911164,4.051008248710507e-18,1.5271997129460233e-06,792895723.442658,1.13313179074663,359.29510155587207,365.3768246710912
