{
  "last_signal": {
    "timestamp": "2026-03-30T09:06:00+08:00",
    "bar_index": 7153,
    "primary_side": 1,
    "meta_prob": 0.4441969483961578,
    "meta_pred": 0,
    "entry_allowed": false,
    "target_tp_price": 25236.12278641512,
    "target_sl_price": 24243.87721358488,
    "expire_bar_idx": 7233,
    "bar_close": 24740.0,
    "feature_row": {
      "feat_rsi_7": 83.07372975213185,
      "feat_rsi_14": 67.89299820247916,
      "feat_rsi_21": 60.32525000904235,
      "feat_roc_5": 3.5796525015700227,
      "feat_roc_10": 3.536304666248169,
      "feat_roc_20": 5.231816248404934,
      "feat_stoch_k_14": 94.37751004016064,
      "feat_ewm_vol_10": 0.01171689337044067,
      "feat_ewm_vol_20": 0.010026733759400141,
      "feat_ewm_vol_40": 0.00921595391402869,
      "feat_hl_vol_20": 0.007192140793007688,
      "feat_adx_14": 20.79294402583864,
      "feat_vwap_dist_20": 0.03910497754587183,
      "feat_vwap_dist_60": 0.014382054527485755,
      "feat_sin_time": 0.2840153447039226,
      "feat_cos_time": 0.958819734868193,
      "feat_sin_dow": 0.0,
      "feat_cos_dow": 1.0,
      "feat_asia_sess": 1.0,
      "feat_eu_sess": 0.0,
      "feat_us_sess": 0.0,
      "feat_night_sess": 0.0,
      "feat_oi_change": 2973.0,
      "feat_oi_change_rate": 0.011392332305098386,
      "feat_vol_oi_ratio": 0.30024475444990867,
      "feat_oi_ma5": 259608.8,
      "feat_oi_trend_5_60": 0.9059756947802947,
      "feat_oi_ma20": 265854.15,
      "feat_oi_ma60": 286551.61666666664,
      "feat_theil_imb_20": 0.4998102626436911,
      "feat_theil_imb_60": 0.5176703373631442,
      "feat_amihud_20": 2.5077778580122382e-12,
      "feat_cs_spread_20": 0.0038527752307321262,
      "feat_amihud_60": 2.957428506549955e-12,
      "feat_cs_spread_60": 0.005238726721045885,
      "feat_cross_ma_ratio_5_20": 0.011556992452790515,
      "feat_cross_ma_sig_5_20": 1.0,
      "feat_cross_ma_ratio_10_40": -0.00441293421141542,
      "feat_cross_ma_sig_10_40": -1.0,
      "feat_shannon_50": 1.3108562983864118,
      "feat_lz_entropy_50": 2.1446653521143952,
      "feat_shannon_100": 1.3218655361378815,
      "feat_lz_entropy_100": 2.0595954188301646,
      "feat_serial_corr_lag1_20": 0.03176646016741559,
      "feat_serial_corr_lag5_20": 0.26162298712959187,
      "feat_serial_corr_lag10_20": 0.06450127118447986,
      "feat_ljung_box_20": 2.21419359553629,
      "feat_adf_test_100": -2.185157486730291,
      "feat_sadf_10_60": 0.32680164205579515
    },
    "live_symbol": "AL9999.SHFE",
    "safe_mode": false,
    "diagnostics": {
      "event_detected": true,
      "target_ret": 0.010026733759400141,
      "nan_ratio": 0.0,
      "model_reason": "",
      "symbol_reason": ""
    }
  },
  "last_event_timestamp": "2026-03-30T09:06:00+08:00",
  "dollar_bar_count": 7170
}