cluster_id,features,mean_importance,std_importance
1,"['vol_bb_pct_b_20', 'log_dist_ema_short', 'log_dist_ema_long', 'ema_diff', 'rsi_14', 'mom_roc_10', 'mom_stoch_k_14']",0.04985567874520245,0.007039897200760984
3,"['vol_ewm_10', 'vol_ewm_50', 'vol_ewm_100']",0.007431869655220025,0.0041418587246333976
7,['corr_pv_10'],0.0030130037746151973,0.0017692418560988949
5,['vol_rel_20'],0.002666291067233506,0.0018421880618706787
2,"['vol_atr_14', 'ema_short', 'ema_long', 'ffd_log_price']",0.001475995796039653,0.0019788121153844758
4,"['vol_parkinson', 'liq_amihud']",0.00032009784485913516,0.0023545819465650426
6,['trend_variance_ratio_20'],-8.531957846669158e-07,0.0005095447647654069
