cluster_id,features,mean_importance,std_importance
1,"['vol_bb_pct_b_20', 'log_dist_ema_short', 'log_dist_ema_long', 'ema_diff', 'rsi_14', 'mom_roc_10', 'mom_stoch_k_14']",0.15949858769420422,0.017283213851626074
5,['vol_rel_20'],0.008202268244708932,0.0017706823576811698
7,['corr_pv_10'],0.007858840683155921,0.002218596267128997
4,"['vol_parkinson', 'liq_amihud']",0.003395876358098704,0.0015753034928355785
3,"['vol_ewm_10', 'vol_ewm_50', 'vol_ewm_100']",0.0026195402565216907,0.0017427273150143632
2,"['vol_atr_14', 'ema_short', 'ema_long', 'ffd_log_price']",0.002385332082855851,0.002810868807452163
6,['trend_variance_ratio_20'],0.0007018859220647266,0.0008996969742868421
