cluster_id,features,mean_importance,std_importance
1,"['vol_bb_pct_b_20', 'log_dist_ema_short', 'log_dist_ema_long', 'ema_diff', 'rsi_14', 'mom_roc_10', 'mom_stoch_k_14']",0.030551870303724304,0.0056362882811046835
5,['vol_rel_20'],0.0056585948278157884,0.0031071060448105816
7,['corr_pv_10'],0.0021140805655810667,0.0005563397933917243
2,"['vol_atr_14', 'ema_short', 'ema_long', 'ffd_log_price']",0.0014382886546144835,0.0012990195662050618
3,"['vol_ewm_10', 'vol_ewm_50', 'vol_ewm_100']",0.0013802212711057304,0.0020359495095856293
4,"['vol_parkinson', 'liq_amihud']",0.0006195970571674758,0.0015125035794762375
6,['trend_variance_ratio_20'],7.599852894588644e-05,0.001018285701562593
