n_bars,n_events,events_per_1000_bars,mean_bars_between_events,median_bars_between_events,event_overlap_ratio,event_absret_adv_h5,event_dir_adv_h5,event_absret_adv_h10,event_dir_adv_h10,event_absret_adv_h20,event_dir_adv_h20,target_rate,calibrated_k,actual_rate
26889.0,1343.0,49.946074602997506,19.95678092399404,15.0,0.6669150521609538,0.0015049345570586495,-0.000629567064634841,0.0016448931719265925,-9.234115262621935e-05,0.0018597167446739865,-0.0004994224971886546,0.05,0.01320316162109375,0.049947932163046715
26889.0,2690.0,100.04090892186396,9.991818519895872,7.0,0.9066567497210859,0.0012534496932809884,-0.00037606525833167617,0.0015624594559624895,-0.0005569916856636506,0.0022363059114349527,-0.0008894767911761189,0.1,0.008123001098632811,0.10004462957453139
26889.0,4034.0,150.0241734538287,6.662038184973965,5.0,0.9662782048103149,0.0011375023019444298,-0.0004588803627601559,0.001453342423889844,-0.000327439715506332,0.002121647456870915,-0.0004609207576164749,0.15,0.0060207604980468754,0.1500297530496876
